{
  "project_info": {
    "project_number": "19108612872",
    "project_id": "olive-diseases-detection",
    "storage_bucket": "olive-diseases-detection.appspot.com"
  },
  "client": [
    {
      "client_info": {
        "mobilesdk_app_id": "1:19108612872:android:07125456846f72ccef7abd",
        "android_client_info": {
          "package_name": "com.example.olivediseasedetection_arid_18_22"
        }
      },
      "oauth_client": [
        {
          "client_id": "19108612872-ri7fn1rkeckl92uh3brkhti03av3528g.apps.googleusercontent.com",
          "client_type": 1,
          "android_info": {
            "package_name": "com.example.olivediseasedetection_arid_18_22",
            "certificate_hash": "cee015daa2d759fa56b192f7c2bd630b8c996bfc"
          }
        },
        {
          "client_id": "19108612872-l32f9na8alfbubsf0eqk46t4pve4686r.apps.googleusercontent.com",
          "client_type": 3
        }
      ],
      "api_key": [
        {
          "current_key": "AIzaSyC4wDeMP0jX9m7av8RmmK33oLkK0XzpuD8"
        }
      ],
      "services": {
        "appinvite_service": {
          "other_platform_oauth_client": [
            {
              "client_id": "19108612872-l32f9na8alfbubsf0eqk46t4pve4686r.apps.googleusercontent.com",
              "client_type": 3
            }
          ]
        }
      }
    }
  ],
  "configuration_version": "1"
}